{
    "ruta_ida": [
        {
            "latitud": -12.180621666666667,
            "longitud": -77.00054166666666
        },
        {
            "latitud": -12.180621666666667,
            "longitud": -77.00054166666666
        },
        {
            "latitud": -12.18062,
            "longitud": -77.00054166666666
        }
    ],
    "ruta_vuelta": []
}
